,Unnamed: 0,NOptions,Correct,SRPE,Swahili1,Swahili2,Swahili3,Swahili4,Face,TestSwahili1,TestSwahili2,TestSwahili3,TestSwahili4,Color1,Color2,Color3,Color4,RT,Response,SelectedWord,RT_recognition,Response_recognition,Accuracy_recognition,SelectedWord_recognition,RT_certainty,Response_certainty
0,1,1,1,0.0,kijivu,matunda,waya,kichwa,33,kichwa,kijivu,matunda,waya,black,white,black,black,9.110147999599576,c,matunda,7.130173600278795,n,1.0,matunda,0.8045319998636842,3.0
1,3,4,0,-0.25,mkasi,ndizi,kuacha,uyoga,47,kuacha,uyoga,mkasi,ndizi,white,white,white,white,21.402987900190052,n,uyoga,4.983782799914479,c,1.0,uyoga,0.5832258001901209,3.0
2,0,4,0,-0.25,pigo,mali,bahari,kamba,111,pigo,kamba,bahari,mali,white,white,white,white,15.677742700092494,d,bahari,43.28018769994378,d,0.0,pigo,1.1847620997577906,2.0
3,2,4,1,0.75,kitande,mfuko,matumbo,hazini,59,mfuko,kitande,hazini,matumbo,white,white,white,white,13.184682900086043,n,matumbo,10.511361500248313,j,1.0,matumbo,0.7710279999300838,3.0
4,4,2,1,0.5,mungu,imani,kuhesa,kusikiza,133,kuhesa,kusikiza,imani,mungu,black,white,black,white,17.778273299802095,c,imani,3.0568532003089786,n,1.0,imani,0.5807619001716375,3.0
5,7,4,0,-0.25,umasijo,kahawa,buli,nyumba,132,kahawa,buli,nyumba,umasijo,white,white,white,white,2.5100497999228537,n,umasijo,3.089262899942696,j,1.0,umasijo,0.5185291999951005,3.0
6,8,4,1,0.75,meza,mwanga,baharia,mende,108,baharia,mwanga,meza,mende,white,white,white,white,11.975187300238758,n,baharia,8.95337300002575,d,1.0,baharia,0.5474142995662987,3.0
7,6,2,1,0.5,starehe,bloke,ukweli,lugha,94,lugha,ukweli,starehe,bloke,black,white,black,white,11.660314599983394,j,lugha,2.91019339999184,d,1.0,lugha,1.1385123999789357,3.0
8,5,2,0,-0.5,simu,funzi,mizizi,jokofu,66,jokofu,funzi,simu,mizizi,white,black,white,black,15.13334340043366,n,simu,7.498621799983084,n,1.0,simu,0.7209560996852815,3.0
9,9,1,1,0.0,osha,punda,jiwe,chaki,106,punda,jiwe,chaki,osha,white,black,black,black,4.513871899805963,d,osha,23.022656300105155,n,0.0,chaki,0.6872589001432061,3.0
10,12,2,1,0.5,ndege,kengele,sindano,ndugu,13,ndege,ndugu,kengele,sindano,white,white,black,black,21.156206300016493,d,ndege,7.523850800003856,d,1.0,ndege,0.6790523999370635,3.0
11,13,2,0,-0.5,sufuria,nopya,uadui,mamba,101,uadui,mamba,sufuria,nopya,black,white,black,white,21.30608920007944,j,nopya,23.406731399707496,j,1.0,nopya,0.6603487003594637,3.0
12,10,4,0,-0.25,baadaye,kukimba,alizeti,furaha,74,baadaye,alizeti,furaha,kukimba,white,white,white,white,28.301780899986625,n,baadaye,4.3393088998273015,d,1.0,baadaye,0.6332976003177464,3.0
13,11,2,0,-0.5,kumbuka,jua,uchorai,mchanga,100,jua,kumbuka,uchorai,mchanga,white,black,white,black,4.0401858002878726,n,kumbuka,22.67429539980367,c,1.0,kumbuka,0.7753101997077465,2.0
14,14,4,0,-0.25,mpishi,kofia,usiku,godoro,56,usiku,mpishi,godoro,kofia,white,white,white,white,2.0542986998334527,j,usiku,14.817401099950075,n,0.0,godoro,1.3003763002343476,1.0
15,16,4,1,0.75,mvringo,ukame,duka,ndevu,35,ukame,ndevu,mvringo,duka,white,white,white,white,17.711649399716407,n,duka,3.104562200140208,j,1.0,duka,0.6732457997277379,3.0
16,17,4,0,-0.25,adhabu,mkoba,mbuzi,rangi,99,rangi,adhabu,mkoba,mbuzi,white,white,white,white,17.206024100072682,d,mkoba,24.759829999879003,n,1.0,mkoba,0.9392551998607814,2.0
17,15,4,0,-0.25,yatima,kawaida,matumai,kijiko,123,yatima,kawaida,kijiko,matumai,white,white,white,white,19.2780840001069,n,yatima,3.198905600234866,d,1.0,yatima,0.5226702000945807,3.0
18,18,2,0,-0.5,kesho,chuma,msitu,kujenga,28,chuma,msitu,kujenga,kesho,white,white,black,black,8.986370400059968,c,kesho,8.51974629983306,n,0.0,kujenga,0.4582891003228724,3.0
19,19,2,1,0.5,mtawa,nzuri,nguo,ijayo,22,nguo,mtawa,nzuri,ijayo,white,black,white,black,15.894081000238655,d,mtawa,2.8985237004235387,c,1.0,mtawa,1.3957533999346197,3.0
20,23,4,0,-0.25,glasi,dari,kito,dhoruba,7,glasi,dari,dhoruba,kito,white,white,white,white,12.813334200065585,d,kito,19.07326960004866,j,1.0,kito,0.6464544995687902,3.0
21,24,2,1,0.5,kiatu,sahani,dakika,kudhibi,6,dakika,kiatu,sahani,kudhibi,white,black,white,black,14.098900199867783,n,dakika,5.923632500227541,d,1.0,dakika,0.611981900408864,3.0
22,20,2,0,-0.5,unga,hatua,mvuke,mchuzi,8,mvuke,unga,hatua,mchuzi,white,black,white,black,9.419418700039389,n,unga,20.460764599964023,c,1.0,unga,0.4538453998975456,3.0
23,21,4,1,0.75,kubale,choori,twai,miwani,140,kubale,twai,choori,miwani,white,white,white,white,32.39752210024744,d,kubale,8.463526900392026,d,1.0,kubale,0.5692672999575734,3.0
24,22,4,0,-0.25,pazia,ndogo,punguza,mashua,62,mashua,punguza,pazia,ndogo,white,white,white,white,17.37288340041414,d,punguza,7.122523899655789,c,1.0,punguza,0.6632055998779833,3.0
25,28,4,0,-0.25,kumba,kitovu,juuya,ofisi,120,kumba,kitovu,juuya,ofisi,white,white,white,white,6.716486999765039,d,juuya,8.47492010006681,n,1.0,juuya,0.40907749999314547,3.0
26,26,4,0,-0.25,kuzama,ngazi,suruali,maisha,138,maisha,ngazi,kuzama,suruali,white,white,white,white,25.38822520012036,c,maisha,9.051827100105584,d,1.0,maisha,0.6044987002387643,3.0
27,25,4,0,-0.25,nanga,ardhi,shule,wakala,68,ardhi,nanga,shule,wakala,white,white,white,white,17.22071659984067,n,wakala,3.563344500027597,j,1.0,wakala,0.4276163000613451,3.0
28,29,1,1,0.0,s,gundi,pwani,fedha,39,s,fedha,gundi,pwani,black,black,white,black,11.585278899874538,n,pwani,3.416598299983889,j,1.0,pwani,0.4318694998510182,3.0
29,27,4,0,-0.25,seri,haki,kuandika,mbali,91,haki,seri,kuandika,mbali,white,white,white,white,23.01721700001508,c,mbali,11.746184100396931,j,1.0,mbali,0.34366860007867217,3.0
30,32,1,1,0.0,goti,wimbo,mdudu,nyoka,23,mdudu,wimbo,nyoka,goti,black,black,white,black,5.536778899841011,n,mdudu,3.0471304999664426,d,1.0,mdudu,0.3897865996696055,3.0
31,33,4,1,0.75,mapafu,adui,sehemu,mtoto,129,sehemu,mtoto,mapafu,adui,white,white,white,white,20.218241500202566,d,mapafu,3.6215582001022995,n,1.0,mapafu,0.32971980003640056,3.0
32,34,1,1,0.0,mchawi,ndoora,mkuu,hekalu,77,mkuu,hekalu,ndoora,mchawi,black,white,black,black,11.99668259965256,c,ndoora,7.320955799892545,n,1.0,ndoora,0.26590249966830015,3.0
33,31,4,0,-0.25,bendi,bunifu,zeituni,pole,115,zeituni,bendi,pole,bunifu,white,white,white,white,10.891650300007312,j,bendi,15.549634699709713,c,1.0,bendi,0.4002938000485301,3.0
34,30,4,0,-0.25,mageho,kinywa,welder,dizeli,93,kinywa,dizeli,mageho,welder,white,white,white,white,8.442176199983805,d,welder,4.789183700457215,j,1.0,welder,0.43690330022946,3.0
